REM INSERTING into NEWSMANAGER.AUTHOR
SET DEFINE OFF;
Insert into NEWSMANAGER.AUTHOR (AUTHOR_ID,AUTHOR_NAME,EXPIRED) values (1,'XHWA',null);
Insert into NEWSMANAGER.AUTHOR (AUTHOR_ID,AUTHOR_NAME,EXPIRED) values (2,'WDPP',null);
Insert into NEWSMANAGER.AUTHOR (AUTHOR_ID,AUTHOR_NAME,EXPIRED) values (3,'MYYG',null);
Insert into NEWSMANAGER.AUTHOR (AUTHOR_ID,AUTHOR_NAME,EXPIRED) values (4,'GOKU',null);
Insert into NEWSMANAGER.AUTHOR (AUTHOR_ID,AUTHOR_NAME,EXPIRED) values (5,'YPRW',null);
Insert into NEWSMANAGER.AUTHOR (AUTHOR_ID,AUTHOR_NAME,EXPIRED) values (6,'XEXS',null);
Insert into NEWSMANAGER.AUTHOR (AUTHOR_ID,AUTHOR_NAME,EXPIRED) values (7,'FCGM',null);
Insert into NEWSMANAGER.AUTHOR (AUTHOR_ID,AUTHOR_NAME,EXPIRED) values (8,'GEYT',null);
Insert into NEWSMANAGER.AUTHOR (AUTHOR_ID,AUTHOR_NAME,EXPIRED) values (9,'SXSL',null);
Insert into NEWSMANAGER.AUTHOR (AUTHOR_ID,AUTHOR_NAME,EXPIRED) values (10,'WVHD',null);
Insert into NEWSMANAGER.AUTHOR (AUTHOR_ID,AUTHOR_NAME,EXPIRED) values (11,'QUMJ',null);
Insert into NEWSMANAGER.AUTHOR (AUTHOR_ID,AUTHOR_NAME,EXPIRED) values (12,'ORDH',null);
Insert into NEWSMANAGER.AUTHOR (AUTHOR_ID,AUTHOR_NAME,EXPIRED) values (13,'HFWD',null);
Insert into NEWSMANAGER.AUTHOR (AUTHOR_ID,AUTHOR_NAME,EXPIRED) values (14,'VVWC',null);
Insert into NEWSMANAGER.AUTHOR (AUTHOR_ID,AUTHOR_NAME,EXPIRED) values (15,'JDNC',null);
Insert into NEWSMANAGER.AUTHOR (AUTHOR_ID,AUTHOR_NAME,EXPIRED) values (16,'HNIE',null);
Insert into NEWSMANAGER.AUTHOR (AUTHOR_ID,AUTHOR_NAME,EXPIRED) values (17,'WRSC',null);
Insert into NEWSMANAGER.AUTHOR (AUTHOR_ID,AUTHOR_NAME,EXPIRED) values (18,'KSYP',null);
Insert into NEWSMANAGER.AUTHOR (AUTHOR_ID,AUTHOR_NAME,EXPIRED) values (19,'JDGM',null);
Insert into NEWSMANAGER.AUTHOR (AUTHOR_ID,AUTHOR_NAME,EXPIRED) values (20,'WBZN',null);
REM INSERTING into NEWSMANAGER.COMMENTS
SET DEFINE OFF;
Insert into NEWSMANAGER.COMMENTS (COMMENT_ID,NEWS_ID,COMMENT_TEXT,CREATION_DATE) values (1,1,'SFYXDRZRNRGYTOW',to_timestamp('11-MAR-12 12.32.07.000000000 PM','DD-MON-RR HH.MI.SSXFF AM'));
Insert into NEWSMANAGER.COMMENTS (COMMENT_ID,NEWS_ID,COMMENT_TEXT,CREATION_DATE) values (2,2,'YIFVZALMAUPBRUZ',to_timestamp('28-JAN-10 07.47.06.000000000 AM','DD-MON-RR HH.MI.SSXFF AM'));
Insert into NEWSMANAGER.COMMENTS (COMMENT_ID,NEWS_ID,COMMENT_TEXT,CREATION_DATE) values (3,3,'KBJORSIFTBYMRXD',to_timestamp('24-SEP-12 05.13.33.000000000 AM','DD-MON-RR HH.MI.SSXFF AM'));
Insert into NEWSMANAGER.COMMENTS (COMMENT_ID,NEWS_ID,COMMENT_TEXT,CREATION_DATE) values (4,4,'FTFYVUUTZOYVMYS',to_timestamp('04-JUL-12 09.14.26.000000000 PM','DD-MON-RR HH.MI.SSXFF AM'));
Insert into NEWSMANAGER.COMMENTS (COMMENT_ID,NEWS_ID,COMMENT_TEXT,CREATION_DATE) values (5,5,'SQNLGFARKDIQYPM',to_timestamp('21-AUG-10 05.36.00.000000000 PM','DD-MON-RR HH.MI.SSXFF AM'));
Insert into NEWSMANAGER.COMMENTS (COMMENT_ID,NEWS_ID,COMMENT_TEXT,CREATION_DATE) values (6,6,'OVZNPTTKQIJDRAD',to_timestamp('09-APR-11 08.14.05.000000000 PM','DD-MON-RR HH.MI.SSXFF AM'));
Insert into NEWSMANAGER.COMMENTS (COMMENT_ID,NEWS_ID,COMMENT_TEXT,CREATION_DATE) values (7,7,'SLYYDDRQXOPTKGZ',to_timestamp('27-JUN-11 10.59.02.000000000 PM','DD-MON-RR HH.MI.SSXFF AM'));
Insert into NEWSMANAGER.COMMENTS (COMMENT_ID,NEWS_ID,COMMENT_TEXT,CREATION_DATE) values (8,8,'KYICSMHJYWPXGDE',to_timestamp('16-APR-10 03.33.21.000000000 AM','DD-MON-RR HH.MI.SSXFF AM'));
Insert into NEWSMANAGER.COMMENTS (COMMENT_ID,NEWS_ID,COMMENT_TEXT,CREATION_DATE) values (9,9,'PGPBTEWLJOHZASY',to_timestamp('28-JAN-10 09.18.04.000000000 AM','DD-MON-RR HH.MI.SSXFF AM'));
Insert into NEWSMANAGER.COMMENTS (COMMENT_ID,NEWS_ID,COMMENT_TEXT,CREATION_DATE) values (10,10,'GRGJMLVQINWJHVS',to_timestamp('14-MAY-11 07.44.13.000000000 AM','DD-MON-RR HH.MI.SSXFF AM'));
Insert into NEWSMANAGER.COMMENTS (COMMENT_ID,NEWS_ID,COMMENT_TEXT,CREATION_DATE) values (11,11,'UEVDKVZUNPCSEGJ',to_timestamp('27-JUN-10 06.05.17.000000000 AM','DD-MON-RR HH.MI.SSXFF AM'));
Insert into NEWSMANAGER.COMMENTS (COMMENT_ID,NEWS_ID,COMMENT_TEXT,CREATION_DATE) values (12,12,'NVHSOZSYTLKAAPY',to_timestamp('21-JUN-10 01.54.15.000000000 PM','DD-MON-RR HH.MI.SSXFF AM'));
Insert into NEWSMANAGER.COMMENTS (COMMENT_ID,NEWS_ID,COMMENT_TEXT,CREATION_DATE) values (13,13,'TCCKOXUTHIBRRFU',to_timestamp('02-MAY-12 12.39.21.000000000 AM','DD-MON-RR HH.MI.SSXFF AM'));
Insert into NEWSMANAGER.COMMENTS (COMMENT_ID,NEWS_ID,COMMENT_TEXT,CREATION_DATE) values (14,14,'IDCWVLKOPFDKKXY',to_timestamp('02-SEP-10 08.37.43.000000000 PM','DD-MON-RR HH.MI.SSXFF AM'));
Insert into NEWSMANAGER.COMMENTS (COMMENT_ID,NEWS_ID,COMMENT_TEXT,CREATION_DATE) values (15,15,'SECTDEYUDIKGENU',to_timestamp('10-APR-10 05.31.09.000000000 AM','DD-MON-RR HH.MI.SSXFF AM'));
Insert into NEWSMANAGER.COMMENTS (COMMENT_ID,NEWS_ID,COMMENT_TEXT,CREATION_DATE) values (16,16,'OMWVAJTIIGVYVTZ',to_timestamp('22-AUG-12 02.14.41.000000000 PM','DD-MON-RR HH.MI.SSXFF AM'));
Insert into NEWSMANAGER.COMMENTS (COMMENT_ID,NEWS_ID,COMMENT_TEXT,CREATION_DATE) values (17,17,'NELVJSRMMMCZZFR',to_timestamp('01-JUN-10 04.39.12.000000000 PM','DD-MON-RR HH.MI.SSXFF AM'));
Insert into NEWSMANAGER.COMMENTS (COMMENT_ID,NEWS_ID,COMMENT_TEXT,CREATION_DATE) values (18,18,'SZFLGROALXRYYYT',to_timestamp('03-OCT-11 07.29.06.000000000 AM','DD-MON-RR HH.MI.SSXFF AM'));
Insert into NEWSMANAGER.COMMENTS (COMMENT_ID,NEWS_ID,COMMENT_TEXT,CREATION_DATE) values (19,19,'MVBOGLOAZYUAOKM',to_timestamp('25-JAN-10 09.06.38.000000000 PM','DD-MON-RR HH.MI.SSXFF AM'));
Insert into NEWSMANAGER.COMMENTS (COMMENT_ID,NEWS_ID,COMMENT_TEXT,CREATION_DATE) values (20,20,'GAKCLOZYCCTHRLC',to_timestamp('23-AUG-12 07.17.48.000000000 PM','DD-MON-RR HH.MI.SSXFF AM'));
REM INSERTING into NEWSMANAGER.NEWS
SET DEFINE OFF;
Insert into NEWSMANAGER.NEWS (NEWS_ID,TITLE,SHORT_TEXT,FULL_TEXT,CREATION_DATE,MODIFICATION_DATE) values (1,'HDQBZVWBBFODJQI','MMEMZJBXRICPRXWQRGDE','HIEGXXGGUIGCVISLGDWEQFFTXRMTHJSLRVPJJLTTSIZNQUBXASUHLJXEZRZEGYSLEVMFTLFZLVSGAHRXKHATSPPRMPOQKLFWDLSK',to_timestamp('31-AUG-10 03.00.13.000000000 PM','DD-MON-RR HH.MI.SSXFF AM'),to_date('25-AUG-10','DD-MON-RR'));
Insert into NEWSMANAGER.NEWS (NEWS_ID,TITLE,SHORT_TEXT,FULL_TEXT,CREATION_DATE,MODIFICATION_DATE) values (2,'XLONNMQOCJYAXZO','IDRKAVDWKVOGLQGNOJYU','OFJDSBLPMPYTINOLONDQTAVYESDCLITODISAECAMLCQTJCSZEJDHJUSTXMGDKFEPYQTNQOYZPTJDCOYJBHJUDMHBVYDOHECJSJGA',to_timestamp('07-OCT-11 09.49.43.000000000 AM','DD-MON-RR HH.MI.SSXFF AM'),to_date('26-OCT-11','DD-MON-RR'));
Insert into NEWSMANAGER.NEWS (NEWS_ID,TITLE,SHORT_TEXT,FULL_TEXT,CREATION_DATE,MODIFICATION_DATE) values (3,'ZTCNKMJRCZTQYNR','LRTPXBYSBJICQDTFXCEU','UHMDJBOOCCZQTCIGIZJSICFDOGOPFEOKFAUVSHEZEXIULQJYDCYGFJYINBSOFDZHCULLKMFMWRNUSOCRJMVKONSTBNKXLDHGRUGV',to_timestamp('10-APR-10 01.25.48.000000000 PM','DD-MON-RR HH.MI.SSXFF AM'),to_date('15-AUG-11','DD-MON-RR'));
Insert into NEWSMANAGER.NEWS (NEWS_ID,TITLE,SHORT_TEXT,FULL_TEXT,CREATION_DATE,MODIFICATION_DATE) values (4,'KZULBXYAZWOOZUQ','RBDHWJVPNTOLUQVENQDY','XHNNRQPBKRCUIKZRQRSCEOGFRSCNQZMLHHEJRTJGBYKVDNDKINGRFJEPAPBHQBNRYGEZDIYRQCYHCJQAFJEVJQAHWFRHUWYZEOVH',to_timestamp('22-APR-12 10.12.15.000000000 PM','DD-MON-RR HH.MI.SSXFF AM'),to_date('18-FEB-10','DD-MON-RR'));
Insert into NEWSMANAGER.NEWS (NEWS_ID,TITLE,SHORT_TEXT,FULL_TEXT,CREATION_DATE,MODIFICATION_DATE) values (5,'BYPEZHSUPGZFDZS','OZVMVHYFWRVQTPXKSYVO','DDCLQOVLUHNKXVRJDFAXTTGYOFDNOBNJGCEENRXPOMPTMMAXUYHLSBMSIFZEQJUBJSPKMOZRRQQFFGVJELYGDABOHDIDASQXEFDZ',to_timestamp('04-FEB-10 10.35.56.000000000 PM','DD-MON-RR HH.MI.SSXFF AM'),to_date('25-AUG-12','DD-MON-RR'));
Insert into NEWSMANAGER.NEWS (NEWS_ID,TITLE,SHORT_TEXT,FULL_TEXT,CREATION_DATE,MODIFICATION_DATE) values (6,'PMPYRYHIBMRXKTJ','WQRWYONGQPWWUFGFKVTK','PEKICBZBTXJOGPBDSMHPEJLSWFMTWGBNPERZRQYRLWVWFXZMROUPFFCLKXCZIAPJBBOYFZUDJDMKHLFNTGJCMEZABUYZRNBNYJVK',to_timestamp('02-JUN-12 03.37.30.000000000 AM','DD-MON-RR HH.MI.SSXFF AM'),to_date('21-FEB-12','DD-MON-RR'));
Insert into NEWSMANAGER.NEWS (NEWS_ID,TITLE,SHORT_TEXT,FULL_TEXT,CREATION_DATE,MODIFICATION_DATE) values (7,'QBSGZMQIZDELBUF','OJDVMYXMWRINHUEFVPLN','JODMZDFFAUWCLRUWTHJQIJFOUQWEPPRVPXRNNJBNSTPHICKBCNWEZRBEEZQOTXBQROQYAWKMBYYRMQPXESIOHSZUWICHGCDKHFGJ',to_timestamp('12-AUG-12 01.09.31.000000000 PM','DD-MON-RR HH.MI.SSXFF AM'),to_date('02-MAR-12','DD-MON-RR'));
Insert into NEWSMANAGER.NEWS (NEWS_ID,TITLE,SHORT_TEXT,FULL_TEXT,CREATION_DATE,MODIFICATION_DATE) values (8,'OEMUVLIQBJRZCBQ','ALOWSFHYNXJEEALKDCQM','DAPJBDOHFIWDOZEXLQXILOQZVXSUEZECDQZBPDEXNDBCXOBQQJTPQHLYXIEFDTKIZWEEDJVZUZLICSPLGMJUHQBBZEGTWOGMAGGA',to_timestamp('03-JUL-12 08.07.11.000000000 AM','DD-MON-RR HH.MI.SSXFF AM'),to_date('09-JUN-12','DD-MON-RR'));
Insert into NEWSMANAGER.NEWS (NEWS_ID,TITLE,SHORT_TEXT,FULL_TEXT,CREATION_DATE,MODIFICATION_DATE) values (9,'QKIEXSZBKEVOALJ','LKYBLXZYBMUGSIAPGWPQ','HNHSLFUSHEGAQLBREAWYDFPWGSPIHTLVNSBXQTTSBFYSYWXWIWOJBENOGWASZGOUXHXGEVKGFVRBBMTPPDRIYZKTPBPPZINZNWZC',to_timestamp('27-NOV-11 03.17.26.000000000 AM','DD-MON-RR HH.MI.SSXFF AM'),to_date('30-OCT-10','DD-MON-RR'));
Insert into NEWSMANAGER.NEWS (NEWS_ID,TITLE,SHORT_TEXT,FULL_TEXT,CREATION_DATE,MODIFICATION_DATE) values (10,'CORFLDRGDVARBYG','YOMJNWEEXFTRQETUWEGJ','CMPGNPPTRNFHBLWJVHWFIIIWPXLDHBJUONMMEBCFKJLZQQALLQZEMOFSJBJVRZOGBSTGNZOFQIEZYJHANLHTQPMXPWHVBQLLCFFE',to_timestamp('20-SEP-11 04.22.52.000000000 AM','DD-MON-RR HH.MI.SSXFF AM'),to_date('02-SEP-11','DD-MON-RR'));
Insert into NEWSMANAGER.NEWS (NEWS_ID,TITLE,SHORT_TEXT,FULL_TEXT,CREATION_DATE,MODIFICATION_DATE) values (11,'RCYEDKYNSWNQOHO','ADQOBBOQARTNJDOZZDLP','KEPCFUCMWCPRPCQHGSHQIVMNHZXMVIDBTWQFYSBXDDIPTJUQWWPIYXDREMOBDFOPZGXOUREKWPFCEHDDVNUUGGTXJFHBXPNDKFDO',to_timestamp('13-FEB-10 10.47.22.000000000 AM','DD-MON-RR HH.MI.SSXFF AM'),to_date('14-SEP-12','DD-MON-RR'));
Insert into NEWSMANAGER.NEWS (NEWS_ID,TITLE,SHORT_TEXT,FULL_TEXT,CREATION_DATE,MODIFICATION_DATE) values (12,'ATLVKDFHVAZJVJM','INJLEPSHSNHVJQGGEXHI','EXLOPXJOCLJYAMVKTGIROAGFAJMMSHINTUAXLSAHBCGSACFDWOYSXONFHXAIFSCWGKWLFWRUIOKODMIXYKEQVWSASBGQKCDHMCEF',to_timestamp('22-AUG-12 11.20.05.000000000 PM','DD-MON-RR HH.MI.SSXFF AM'),to_date('03-JUL-12','DD-MON-RR'));
Insert into NEWSMANAGER.NEWS (NEWS_ID,TITLE,SHORT_TEXT,FULL_TEXT,CREATION_DATE,MODIFICATION_DATE) values (13,'YFDJHBAVCFIFZAO','VXYLCBQZVCUROUCKGCBT','LRWSVGAGFQYYAGYFGWYTAAUXBDLCEGBQQWGQDZSISPXWITWUQADGCWRNVHUZNCXWNFPEFQNYLVQITQSSEPJGDTELEAQQBQEFUMAN',to_timestamp('17-JAN-11 03.10.32.000000000 AM','DD-MON-RR HH.MI.SSXFF AM'),to_date('30-DEC-10','DD-MON-RR'));
Insert into NEWSMANAGER.NEWS (NEWS_ID,TITLE,SHORT_TEXT,FULL_TEXT,CREATION_DATE,MODIFICATION_DATE) values (14,'TCWUPVMJFZWDGQV','BIRFFUHGRDFIRVDALUAJ','YCQDJLAEWGXRMWARVUQAWIELKYNVAZFCIGZLTRKCBEYDAGZMQTBIDEUJBDYKLGGFMWDFOKUWZPEWOEXBSODDEALJJYVEXQHNBCIO',to_timestamp('19-SEP-11 09.40.40.000000000 AM','DD-MON-RR HH.MI.SSXFF AM'),to_date('04-FEB-12','DD-MON-RR'));
Insert into NEWSMANAGER.NEWS (NEWS_ID,TITLE,SHORT_TEXT,FULL_TEXT,CREATION_DATE,MODIFICATION_DATE) values (15,'IQJFERISKTRCNPH','SPWVZJMABKBRNKEXGRBT','IVNTWDAAJTFIXKXBSARVSRASPWGZCVKKICAOSXVIDRJYUYSGLVTZJCMXRTTZYLLSWFXPHSJWRBUNQTYASAZMXXIAWUNRJGAAXHOB',to_timestamp('26-OCT-11 05.06.32.000000000 AM','DD-MON-RR HH.MI.SSXFF AM'),to_date('16-APR-10','DD-MON-RR'));
Insert into NEWSMANAGER.NEWS (NEWS_ID,TITLE,SHORT_TEXT,FULL_TEXT,CREATION_DATE,MODIFICATION_DATE) values (16,'CCXONAWKYKUSLWI','TTSZLHQZKWOIJOHWBDPO','MMUHHKQNZOSATSWTWRQNZRFXBHSMBZIFXQQADIMLWIAEPLBFGYJBUVLOUMUIKYSXFJBXBJESAQRPCHCIGCNWUUTSDLJOHFIBRBCR',to_timestamp('04-APR-12 06.37.13.000000000 PM','DD-MON-RR HH.MI.SSXFF AM'),to_date('31-AUG-10','DD-MON-RR'));
Insert into NEWSMANAGER.NEWS (NEWS_ID,TITLE,SHORT_TEXT,FULL_TEXT,CREATION_DATE,MODIFICATION_DATE) values (17,'XGPBQXCOWAOHFFS','MPIULMJPMTRSUGYNAPVD','DUXIQTRSPUASYKLNOAKTRYHVWWQOLWSLZDBDJANAGJHLDDFIHJHRNDZAQOWCPJEPXBVHKZOVKSEVBNEEFXFZZRLQSXFYKRPELCSO',to_timestamp('01-APR-10 11.53.23.000000000 PM','DD-MON-RR HH.MI.SSXFF AM'),to_date('11-FEB-12','DD-MON-RR'));
Insert into NEWSMANAGER.NEWS (NEWS_ID,TITLE,SHORT_TEXT,FULL_TEXT,CREATION_DATE,MODIFICATION_DATE) values (18,'DSBLMORDEVMCBPB','PFPZBFUQEZWUXJDHIWGJ','SOQVQLEZHNLHVUKDYJSYDOWIWSYMBCWUPGWFRUZITGXZTGYVTWFLLCSOHPHROBUXUHNMPJMSPQXWVUEPPEYMEOIWVEXFWTFNOKMI',to_timestamp('21-SEP-11 07.25.51.000000000 AM','DD-MON-RR HH.MI.SSXFF AM'),to_date('02-MAR-11','DD-MON-RR'));
Insert into NEWSMANAGER.NEWS (NEWS_ID,TITLE,SHORT_TEXT,FULL_TEXT,CREATION_DATE,MODIFICATION_DATE) values (19,'OINDIGXXDWUFETQ','CUPMKSLDSGEAJFLFTXCI','GTCMLTPJCYMWADAVETTDVMONOSDQBZCMYVCONFVMQXZSKEWNZFJOKQVUMFDMTSWATOKOJWIURSVFRKANXMFLQXHKAFBHXSNKMKGT',to_timestamp('03-FEB-10 10.33.15.000000000 AM','DD-MON-RR HH.MI.SSXFF AM'),to_date('21-JUN-10','DD-MON-RR'));
Insert into NEWSMANAGER.NEWS (NEWS_ID,TITLE,SHORT_TEXT,FULL_TEXT,CREATION_DATE,MODIFICATION_DATE) values (20,'IQXFTBBWIJRIYKQ','DLUUMVGOVEDCCYSOJDVR','ZNRUPUROZROVYEHWCZPAMUAHRUQFLEIHMCKSFMJLNUKUILYFYHPWYVZRHHABYAWLTYODQQHPUZUVFYMQBFBKAIYTKKUDMFXHTYYZ',to_timestamp('21-FEB-10 01.50.03.000000000 AM','DD-MON-RR HH.MI.SSXFF AM'),to_date('11-SEP-10','DD-MON-RR'));
REM INSERTING into NEWSMANAGER.NEWS_AUTHOR
SET DEFINE OFF;
Insert into NEWSMANAGER.NEWS_AUTHOR (NEWS_ID,AUTHOR_ID) values (1,1);
Insert into NEWSMANAGER.NEWS_AUTHOR (NEWS_ID,AUTHOR_ID) values (2,2);
Insert into NEWSMANAGER.NEWS_AUTHOR (NEWS_ID,AUTHOR_ID) values (3,3);
Insert into NEWSMANAGER.NEWS_AUTHOR (NEWS_ID,AUTHOR_ID) values (4,4);
Insert into NEWSMANAGER.NEWS_AUTHOR (NEWS_ID,AUTHOR_ID) values (5,5);
Insert into NEWSMANAGER.NEWS_AUTHOR (NEWS_ID,AUTHOR_ID) values (6,6);
Insert into NEWSMANAGER.NEWS_AUTHOR (NEWS_ID,AUTHOR_ID) values (7,7);
Insert into NEWSMANAGER.NEWS_AUTHOR (NEWS_ID,AUTHOR_ID) values (8,8);
Insert into NEWSMANAGER.NEWS_AUTHOR (NEWS_ID,AUTHOR_ID) values (9,9);
Insert into NEWSMANAGER.NEWS_AUTHOR (NEWS_ID,AUTHOR_ID) values (10,10);
Insert into NEWSMANAGER.NEWS_AUTHOR (NEWS_ID,AUTHOR_ID) values (11,11);
Insert into NEWSMANAGER.NEWS_AUTHOR (NEWS_ID,AUTHOR_ID) values (12,12);
Insert into NEWSMANAGER.NEWS_AUTHOR (NEWS_ID,AUTHOR_ID) values (13,13);
Insert into NEWSMANAGER.NEWS_AUTHOR (NEWS_ID,AUTHOR_ID) values (14,14);
Insert into NEWSMANAGER.NEWS_AUTHOR (NEWS_ID,AUTHOR_ID) values (15,15);
Insert into NEWSMANAGER.NEWS_AUTHOR (NEWS_ID,AUTHOR_ID) values (16,16);
Insert into NEWSMANAGER.NEWS_AUTHOR (NEWS_ID,AUTHOR_ID) values (17,17);
Insert into NEWSMANAGER.NEWS_AUTHOR (NEWS_ID,AUTHOR_ID) values (18,18);
Insert into NEWSMANAGER.NEWS_AUTHOR (NEWS_ID,AUTHOR_ID) values (19,19);
Insert into NEWSMANAGER.NEWS_AUTHOR (NEWS_ID,AUTHOR_ID) values (20,20);
REM INSERTING into NEWSMANAGER.NEWS_TAG
SET DEFINE OFF;
Insert into NEWSMANAGER.NEWS_TAG (NEWS_ID,TAG_ID) values (1,1);
Insert into NEWSMANAGER.NEWS_TAG (NEWS_ID,TAG_ID) values (2,2);
Insert into NEWSMANAGER.NEWS_TAG (NEWS_ID,TAG_ID) values (3,3);
Insert into NEWSMANAGER.NEWS_TAG (NEWS_ID,TAG_ID) values (4,4);
Insert into NEWSMANAGER.NEWS_TAG (NEWS_ID,TAG_ID) values (5,5);
Insert into NEWSMANAGER.NEWS_TAG (NEWS_ID,TAG_ID) values (6,6);
Insert into NEWSMANAGER.NEWS_TAG (NEWS_ID,TAG_ID) values (7,7);
Insert into NEWSMANAGER.NEWS_TAG (NEWS_ID,TAG_ID) values (8,8);
Insert into NEWSMANAGER.NEWS_TAG (NEWS_ID,TAG_ID) values (9,9);
Insert into NEWSMANAGER.NEWS_TAG (NEWS_ID,TAG_ID) values (10,10);
Insert into NEWSMANAGER.NEWS_TAG (NEWS_ID,TAG_ID) values (11,11);
Insert into NEWSMANAGER.NEWS_TAG (NEWS_ID,TAG_ID) values (12,12);
Insert into NEWSMANAGER.NEWS_TAG (NEWS_ID,TAG_ID) values (13,13);
Insert into NEWSMANAGER.NEWS_TAG (NEWS_ID,TAG_ID) values (14,14);
Insert into NEWSMANAGER.NEWS_TAG (NEWS_ID,TAG_ID) values (15,15);
Insert into NEWSMANAGER.NEWS_TAG (NEWS_ID,TAG_ID) values (16,16);
Insert into NEWSMANAGER.NEWS_TAG (NEWS_ID,TAG_ID) values (17,17);
Insert into NEWSMANAGER.NEWS_TAG (NEWS_ID,TAG_ID) values (18,18);
Insert into NEWSMANAGER.NEWS_TAG (NEWS_ID,TAG_ID) values (19,19);
Insert into NEWSMANAGER.NEWS_TAG (NEWS_ID,TAG_ID) values (20,20);
REM INSERTING into NEWSMANAGER.ROLES
SET DEFINE OFF;
Insert into NEWSMANAGER.ROLES (USER_ID,ROLE_NAME) values (1,'ADMIN');
Insert into NEWSMANAGER.ROLES (USER_ID,ROLE_NAME) values (2,'USER');
REM INSERTING into NEWSMANAGER.TAG
SET DEFINE OFF;
Insert into NEWSMANAGER.TAG (TAG_ID,TAG_NAME) values (1,'UTHJ');
Insert into NEWSMANAGER.TAG (TAG_ID,TAG_NAME) values (2,'RDUM');
Insert into NEWSMANAGER.TAG (TAG_ID,TAG_NAME) values (3,'HJMC');
Insert into NEWSMANAGER.TAG (TAG_ID,TAG_NAME) values (4,'LYJU');
Insert into NEWSMANAGER.TAG (TAG_ID,TAG_NAME) values (5,'FDJI');
Insert into NEWSMANAGER.TAG (TAG_ID,TAG_NAME) values (6,'HDVF');
Insert into NEWSMANAGER.TAG (TAG_ID,TAG_NAME) values (7,'WOYS');
Insert into NEWSMANAGER.TAG (TAG_ID,TAG_NAME) values (8,'UGFH');
Insert into NEWSMANAGER.TAG (TAG_ID,TAG_NAME) values (9,'JIOT');
Insert into NEWSMANAGER.TAG (TAG_ID,TAG_NAME) values (10,'OUUG');
Insert into NEWSMANAGER.TAG (TAG_ID,TAG_NAME) values (11,'CXMF');
Insert into NEWSMANAGER.TAG (TAG_ID,TAG_NAME) values (12,'CVZD');
Insert into NEWSMANAGER.TAG (TAG_ID,TAG_NAME) values (13,'LDGF');
Insert into NEWSMANAGER.TAG (TAG_ID,TAG_NAME) values (14,'CWMR');
Insert into NEWSMANAGER.TAG (TAG_ID,TAG_NAME) values (15,'IFCM');
Insert into NEWSMANAGER.TAG (TAG_ID,TAG_NAME) values (16,'KZTQ');
Insert into NEWSMANAGER.TAG (TAG_ID,TAG_NAME) values (17,'RBVZ');
Insert into NEWSMANAGER.TAG (TAG_ID,TAG_NAME) values (18,'SDAI');
Insert into NEWSMANAGER.TAG (TAG_ID,TAG_NAME) values (19,'BWNK');
Insert into NEWSMANAGER.TAG (TAG_ID,TAG_NAME) values (20,'ZVIH');
REM INSERTING into NEWSMANAGER.USERS
SET DEFINE OFF;
Insert into NEWSMANAGER.USERS (USER_ID,USER_NAME,LOGIN,PASSWORD) values (1,'KIXD','SCRO','RHAE');
Insert into NEWSMANAGER.USERS (USER_ID,USER_NAME,LOGIN,PASSWORD) values (2,'TSPC','RPTF','LEYO');
Insert into NEWSMANAGER.USERS (USER_ID,USER_NAME,LOGIN,PASSWORD) values (3,'QKEZ','OXRH','FGWC');
Insert into NEWSMANAGER.USERS (USER_ID,USER_NAME,LOGIN,PASSWORD) values (4,'ZKVN','YMMV','QVMI');
Insert into NEWSMANAGER.USERS (USER_ID,USER_NAME,LOGIN,PASSWORD) values (5,'ISIP','KNJA','SBDG');
Insert into NEWSMANAGER.USERS (USER_ID,USER_NAME,LOGIN,PASSWORD) values (6,'AJWX','NXHS','CLPP');
Insert into NEWSMANAGER.USERS (USER_ID,USER_NAME,LOGIN,PASSWORD) values (7,'CFAB','ALWY','CNPY');
Insert into NEWSMANAGER.USERS (USER_ID,USER_NAME,LOGIN,PASSWORD) values (8,'LAIY','HAJZ','TSKL');
Insert into NEWSMANAGER.USERS (USER_ID,USER_NAME,LOGIN,PASSWORD) values (9,'JTOS','HBXK','XJRK');
Insert into NEWSMANAGER.USERS (USER_ID,USER_NAME,LOGIN,PASSWORD) values (10,'ZFZU','OSFL','JFVV');
Insert into NEWSMANAGER.USERS (USER_ID,USER_NAME,LOGIN,PASSWORD) values (11,'XQSV','EZBM','ZOUH');
Insert into NEWSMANAGER.USERS (USER_ID,USER_NAME,LOGIN,PASSWORD) values (12,'NUJA','WGJK','GITW');
Insert into NEWSMANAGER.USERS (USER_ID,USER_NAME,LOGIN,PASSWORD) values (13,'SOKD','XFGH','JGOL');
Insert into NEWSMANAGER.USERS (USER_ID,USER_NAME,LOGIN,PASSWORD) values (14,'BZWX','YMRM','ZJVL');
Insert into NEWSMANAGER.USERS (USER_ID,USER_NAME,LOGIN,PASSWORD) values (15,'ZPVQ','NORP','FCYC');
Insert into NEWSMANAGER.USERS (USER_ID,USER_NAME,LOGIN,PASSWORD) values (16,'FHTJ','VJTP','TGXV');
Insert into NEWSMANAGER.USERS (USER_ID,USER_NAME,LOGIN,PASSWORD) values (17,'TBWF','ROIR','DGTL');
Insert into NEWSMANAGER.USERS (USER_ID,USER_NAME,LOGIN,PASSWORD) values (18,'UYXO','JNOH','GQGT');
Insert into NEWSMANAGER.USERS (USER_ID,USER_NAME,LOGIN,PASSWORD) values (19,'WLBS','PSGS','QSWF');
Insert into NEWSMANAGER.USERS (USER_ID,USER_NAME,LOGIN,PASSWORD) values (20,'CZHI','ISOZ','FQXE');